Date,2y,3y,5y,7y,10y
12/2/1988,9.68,9.71,9.78,9.83,9.55
12/9/1988,9.59,9.65,9.71,9.75,9.53
12/16/1988,9.54,9.73,9.74,9.78,9.66
12/23/1988,9.41,9.73,9.74,9.78,9.59
12/30/1988,9.57,9.73,9.74,9.78,9.71
1/6/1989,9.79,9.73,9.74,9.78,9.71
1/13/1989,9.8,9.84,9.83,9.84,9.71
1/20/1989,9.7,9.73,9.68,9.67,9.67
1/27/1989,9.61,9.6,9.56,9.58,9.57
2/3/1989,9.81,9.74,9.64,9.63,9.63
2/10/1989,9.97,9.9,9.81,9.81,9.79
2/17/1989,10.07,9.94,9.85,9.84,9.82
2/24/1989,10.26,10.13,10.06,10,9.96
3/3/1989,10.34,10.21,10.13,10.1,10.05
3/10/1989,10.41,10.36,10.14,10.06,10.01
3/17/1989,10.3,10.36,10.14,10.06,10.01
3/24/1989,10.75,10.56,10.33,10.23,10.13
3/31/1989,10.59,10.38,10.19,10.1,10
4/7/1989,10.48,10.31,10.13,10.09,9.99
4/14/1989,10.36,10.18,10.04,9.97,9.91
4/21/1989,10.2,10.12,10.02,9.98,9.88
4/28/1989,10.05,9.93,9.81,9.85,9.8
5/5/1989,9.83,9.79,9.67,9.75,9.75
5/12/1989,9.49,9.48,9.52,9.52,9.54
5/19/1989,9.5,9.49,9.54,9.47,9.44
5/26/1989,9.41,9.43,9.37,9.38,9.35
6/2/1989,9.04,9.07,9.06,9.13,9.15
6/9/1989,8.78,8.77,8.8,8.84,8.85
6/16/1989,9.07,9.08,9.07,9.09,9.07
6/23/1989,8.97,8.99,9,9.03,9.01
6/30/1989,8.64,8.67,8.77,8.85,8.86
7/7/1989,8.48,8.59,8.65,8.79,8.83
7/14/1989,8.39,8.5,8.65,8.74,8.88
7/21/1989,8.5,8.57,8.69,8.79,8.92
7/28/1989,8.19,8.29,8.4,8.54,8.7
8/4/1989,8.62,8.72,8.79,8.82,8.88
8/11/1989,8.71,8.77,8.95,8.96,9
8/18/1989,8.84,8.86,8.97,9,9.04
8/25/1989,8.95,8.97,9,8.99,9.09
9/1/1989,8.91,8.91,8.92,8.96,9.01
9/8/1989,8.87,8.87,8.93,8.96,9
9/15/1989,8.67,8.74,8.82,8.89,8.97
9/22/1989,8.92,8.96,9.02,9.09,9.08
9/29/1989,9.04,9.06,9.11,9.17,9.12
10/6/1989,8.68,8.73,8.82,8.87,8.87
10/13/1989,8.14,8.28,8.49,8.61,8.69
10/20/1989,8.59,8.64,8.78,8.85,8.86
10/27/1989,8.49,8.57,8.71,8.81,8.81
11/3/1989,8.6,8.66,8.77,8.82,8.84
11/10/1989,8.38,8.45,8.63,8.69,8.77
11/17/1989,8.34,8.43,8.61,8.67,8.76
11/24/1989,8.19,8.31,8.5,8.57,8.67
12/1/1989,8.22,8.34,8.53,8.61,8.7
12/8/1989,8.27,8.37,8.55,8.65,8.71
12/15/1989,8.24,8.38,8.51,8.65,8.7
12/22/1989,8.25,8.39,8.57,8.69,8.73
12/29/1989,8.37,8.51,8.67,8.83,8.85
1/5/1990,8.43,8.58,8.74,8.87,8.92
1/12/1990,8.51,8.62,8.82,8.95,9.04
1/19/1990,8.78,8.88,9,9.1,9.18
1/26/1990,8.84,9,9.18,9.3,9.4
2/2/1990,8.94,9.06,9.22,9.29,9.39
2/9/1990,8.77,8.87,9.05,9.13,9.18
2/16/1990,8.86,8.97,9.18,9.25,9.31
2/23/1990,8.94,9.08,9.26,9.38,9.43
3/2/1990,9,9.14,9.28,9.36,9.41
3/9/1990,9.19,9.28,9.41,9.44,9.44
3/16/1990,9.15,9.21,9.31,9.34,9.38
3/23/1990,9.1,9.19,9.26,9.32,9.36
3/30/1990,9.13,9.28,9.41,9.46,9.49
4/6/1990,9.06,9.19,9.31,9.38,9.42
4/13/1990,9.07,9.22,9.38,9.42,9.49
4/20/1990,9.3,9.47,9.64,9.73,9.82
4/27/1990,9.47,9.62,9.75,9.8,9.88
5/4/1990,9.242,9.66,9.76,9.81,9.653
5/11/1990,9.05,9.19,9.35,9.41,9.47
5/18/1990,9.09,9.26,9.44,9.51,9.58
5/25/1990,8.97,9.17,9.33,9.44,9.52
6/1/1990,8.79,8.94,9.12,9.2,9.27
6/8/1990,8.75,8.93,9.12,9.21,9.28
6/15/1990,8.74,8.9,9.11,9.2,9.26
6/22/1990,8.77,8.95,9.17,9.26,9.33
6/29/1990,8.61,8.81,9.05,9.17,9.24
7/6/1990,8.7,8.89,9.15,9.27,9.34
7/13/1990,8.5,8.7,8.99,9.13,9.25
7/20/1990,8.47,8.68,8.95,9.12,9.26
7/27/1990,8.37,8.6,8.89,9.04,9.19
8/3/1990,8.14,8.42,8.73,8.97,9.19
8/10/1990,8.38,8.65,8.95,9.21,9.41
8/17/1990,8.5,8.75,9.06,9.3,9.49
8/24/1990,8.81,9.03,9.32,9.52,9.73
8/31/1990,8.52,8.76,8.99,9.32,9.51
9/7/1990,8.44,8.7,8.99,9.24,9.44
9/14/1990,8.48,8.71,8.98,9.27,9.5
9/21/1990,8.61,8.82,9.1,9.37,9.59
9/28/1990,8.58,8.75,9.03,9.26,9.44
10/5/1990,8.34,8.62,8.9,9.15,9.31
10/12/1990,8.47,8.74,9.07,9.34,9.48
10/19/1990,8.34,8.61,8.89,9.13,9.29
10/26/1990,8.26,8.54,8.82,9.09,9.26
11/2/1990,8.23,8.49,8.8,9.06,9.22
11/9/1990,8.18,8.43,8.74,9.01,9.16
11/16/1990,8.1,8.35,8.62,8.87,8.98
11/23/1990,7.965,8.22,8.54,8.79,8.959
11/30/1990,8.17,8.37,8.68,8.87,8.95
12/7/1990,7.84,8.07,8.36,8.66,8.73
12/14/1990,7.84,8.14,8.48,8.71,8.8
12/21/1990,7.78,8.07,8.4,8.7,8.8
12/28/1990,7.66,7.97,8.39,8.66,8.73
1/4/1991,7.65,7.94,8.34,8.62,8.71
1/11/1991,7.77,8.08,8.55,8.83,8.96
1/18/1991,7.79,8.09,8.52,8.76,8.91
1/25/1991,7.56,7.91,8.3,8.58,8.74
2/1/1991,7.62,7.93,8.32,8.59,8.78
2/8/1991,7.34,7.69,8.14,8.42,8.54
2/15/1991,7.22,7.56,8.01,8.28,8.45
2/22/1991,7.47,7.8,8.23,8.45,8.57
3/1/1991,7.64,7.98,8.41,8.61,8.77
3/8/1991,7.63,7.96,8.39,8.61,8.73
3/15/1991,7.44,7.82,8.34,8.58,8.72
3/22/1991,7.66,8.03,8.45,8.67,8.79
3/29/1991,7.51,7.91,8.39,8.58,8.7
4/5/1991,7.43,7.82,8.31,8.52,8.66
4/12/1991,7.41,7.82,8.35,8.59,8.72
4/19/1991,7.45,7.9,8.37,8.56,8.67
4/26/1991,7.42,7.81,8.32,8.57,8.72
5/3/1991,7.299,7.74,8.28,8.53,8.835
5/10/1991,7.3,7.74,8.31,8.54,8.69
5/17/1991,7.29,7.74,8.38,8.61,8.77
5/24/1991,7.22,7.65,8.27,8.52,8.68
5/31/1991,7.2,7.58,8.18,8.44,8.58
6/7/1991,7.49,7.88,8.41,8.64,8.78
6/14/1991,7.74,8.07,8.51,8.76,8.88
6/21/1991,7.55,7.94,8.46,8.71,8.86
6/28/1991,7.56,7.98,8.49,8.73,8.87
7/5/1991,7.56,8.03,8.49,8.71,8.83
7/12/1991,7.49,7.95,8.47,8.72,8.87
7/19/1991,7.42,7.88,8.42,8.67,8.8
7/26/1991,7.3,7.76,8.29,8.53,8.68
8/2/1991,7.26,7.73,8.24,8.51,8.68
8/9/1991,6.89,7.41,8.02,8.34,8.51
8/16/1991,6.69,7.2,7.8,8.14,8.33
8/23/1991,6.6,7.12,7.7,8.07,8.28
8/30/1991,6.64,7.13,7.73,8.08,8.26
9/6/1991,6.75,7.23,7.8,8.14,8.32
9/13/1991,6.47,6.96,7.53,7.91,8.12
9/20/1991,6.53,6.94,7.55,7.89,8.1
9/27/1991,6.36,6.83,7.5,7.83,8.07
10/4/1991,6.24,6.72,7.36,7.74,7.97
10/11/1991,6.26,6.74,7.43,7.82,8.1
10/18/1991,6.31,6.78,7.47,7.81,8.12
10/25/1991,6.25,6.72,7.48,7.88,8.21
11/1/1991,5.95,6.47,7.26,7.68,8.01
11/8/1991,5.83,6.37,7.14,7.58,7.95
11/15/1991,5.8,6.28,7.07,7.48,7.85
11/22/1991,5.71,6.25,7,7.46,7.9
11/29/1991,5.64,6.2,6.98,7.48,7.89
12/6/1991,5.42,6,6.76,7.24,7.72
12/13/1991,5.23,5.83,6.68,7.17,7.66
12/20/1991,5.24,5.84,6.66,7.14,7.56
12/27/1991,5.05,5.66,6.5,6.96,7.32
1/3/1992,4.927,5.64,6.49,6.94,7.337
1/10/1992,4.94,5.59,6.48,6.97,7.29
1/17/1992,5.4,6.04,6.94,7.41,7.68
1/24/1992,5.44,6.09,6.91,7.41,7.77
1/31/1992,5.58,6.26,7.01,7.47,7.86
2/7/1992,5.44,6.13,6.93,7.36,7.77
2/14/1992,5.63,6.33,7.14,7.55,7.94
2/21/1992,5.67,6.37,7.19,7.53,7.93
2/28/1992,5.6,6.36,7.13,7.47,7.82
3/6/1992,5.96,6.6,7.34,7.67,7.98
3/13/1992,6.14,6.75,7.47,7.78,8.09
3/20/1992,6.258,6.88,7.54,7.82,8.12
3/27/1992,6.06,6.71,7.5,7.77,8.07
4/3/1992,5.88,6.55,7.29,7.61,7.94
4/10/1992,5.34,6.04,6.97,7.47,7.79
4/17/1992,5.61,6.28,7.18,7.57,7.9
4/24/1992,5.67,6.29,7.21,7.6,7.94
5/1/1992,5.66,6.32,7.19,7.56,7.93
5/8/1992,5.38,6.08,7.03,7.44,7.79
5/15/1992,5.37,6.05,6.92,7.35,7.7
5/22/1992,5.46,6.11,6.96,7.32,7.66
5/29/1992,5.44,6.06,6.9,7.31,7.67
6/5/1992,5.44,6.06,6.88,7.35,7.73
6/12/1992,5.37,5.99,6.81,7.31,7.7
6/19/1992,5.15,5.79,6.63,7.11,7.54
6/26/1992,5.05,5.7,6.56,7.05,7.49
7/3/1992,4.73,5.41,6.31,6.84,7.27
7/10/1992,4.58,5.26,6.2,6.79,7.25
7/17/1992,4.44,5.13,6.12,6.71,7.21
7/24/1992,4.36,4.99,5.92,6.52,7.07
7/31/1992,4.52,5.12,5.99,6.54,7.01
8/7/1992,4.5,5.13,5.98,6.53,7.01
8/14/1992,4.32,4.95,5.84,6.41,6.88
8/21/1992,4.21,4.84,5.7,6.29,6.82
8/28/1992,4.36,5.01,5.9,6.49,6.98
9/4/1992,4.29,4.88,5.8,6.39,6.9
9/11/1992,3.98,4.62,5.54,6.13,6.64
9/18/1992,4.02,4.71,5.65,6.22,6.71
9/25/1992,4.12,4.8,5.75,6.31,6.79
10/2/1992,3.92,4.58,5.54,6.12,6.58
10/9/1992,4.17,4.81,5.77,6.39,6.81
10/16/1992,4.43,5.04,5.94,6.52,6.96
10/23/1992,4.69,5.36,6.2,6.75,7.17
10/30/1992,4.64,5.25,6.13,6.65,7.06
11/6/1992,4.75,5.42,6.3,6.82,7.26
11/13/1992,4.77,5.4,6.28,6.76,7.18
11/20/1992,4.96,5.6,6.42,6.86,7.21
11/27/1992,5.04,5.69,6.45,6.86,7.21
12/4/1992,5.14,5.76,6.55,6.94,7.26
12/11/1992,4.96,5.55,6.36,6.74,7.12
12/18/1992,4.96,5.55,6.39,6.76,7.11
12/25/1992,4.86,5.5,6.36,6.74,7.05
1/1/1993,4.863,5.46,6.33,6.73,7.158
1/8/1993,4.92,5.51,6.33,6.79,7.1
1/15/1993,4.553,5.31,6.19,6.68,6.935
1/22/1993,4.58,5.19,6.07,6.54,6.92
1/29/1993,4.34,4.95,5.84,6.32,6.72
2/5/1993,4.39,4.97,5.8,6.29,6.71
2/12/1993,4.4,4.98,5.82,6.32,6.71
2/19/1993,4.16,4.68,5.51,6.02,6.47
2/26/1993,4.15,4.69,5.53,5.96,6.36
3/5/1993,3.95,4.47,5.26,5.78,6.18
3/12/1993,4.23,4.72,5.47,5.96,6.3
3/19/1993,4.09,4.6,5.35,5.88,6.24
3/26/1993,4.16,4.64,5.51,5.99,6.34
4/2/1993,4.17,4.7,5.5,6.02,6.4
4/9/1993,4.05,4.59,5.39,5.93,6.34
4/16/1993,3.97,4.5,5.3,5.83,6.23
4/23/1993,3.95,4.47,5.27,5.8,6.21
4/30/1993,3.99,4.51,5.33,5.88,6.3
5/7/1993,3.97,4.49,5.27,5.78,6.21
5/14/1993,4.13,4.63,5.4,5.87,6.36
5/21/1993,4.3,4.79,5.52,5.98,6.47
5/28/1993,4.46,4.94,5.61,6.02,6.47
6/4/1993,4.49,4.94,5.58,5.98,6.45
6/11/1993,4.41,4.87,5.48,5.86,6.32
6/18/1993,4.35,4.81,5.46,5.83,6.3
6/25/1993,4.32,4.75,5.37,5.72,6.17
7/2/1993,4.13,4.58,5.22,5.63,6.09
7/9/1993,4.19,4.62,5.25,5.65,6.12
7/16/1993,4.18,4.61,5.2,5.56,6.03
7/23/1993,4.39,4.83,5.46,5.83,6.25
7/30/1993,4.29,4.73,5.36,5.69,6.13
8/6/1993,4.26,4.7,5.36,5.74,6.15
8/13/1993,4.12,4.56,5.24,5.6,6.02
8/20/1993,4.08,4.5,5.14,5.48,5.89
8/27/1993,4.03,4.42,4.96,5.36,5.77
9/3/1993,3.84,4.23,4.81,5.15,5.57
9/10/1993,3.89,4.28,4.84,5.17,5.57
9/17/1993,3.99,4.36,4.94,5.26,5.68
9/24/1993,3.97,4.35,4.96,5.33,5.71
10/1/1993,3.94,4.31,4.9,5.27,5.67
10/8/1993,3.89,4.25,4.83,5.2,5.63
10/15/1993,3.88,4.25,4.8,5.14,5.53
10/22/1993,4.03,4.41,4.97,5.35,5.75
10/29/1993,4.09,4.48,5.06,5.4,5.79
11/5/1993,4.31,4.72,5.33,5.7,6.09
11/12/1993,4.21,4.63,5.22,5.59,6.01
11/19/1993,4.355,4.785,5.39,5.775,6.185
11/26/1993,4.27,4.67,5.29,5.685,6.09
12/3/1993,4.345,4.765,5.37,5.735,6.125
12/10/1993,4.335,4.745,5.345,5.695,6.045
12/17/1993,4.305,4.735,5.375,5.745,6.115
12/24/1993,4.315,4.735,5.305,5.695,6.025
12/31/1993,4.395,4.815,5.435,5.785,6.125
1/7/1994,4.185,4.625,5.22,5.615,5.975
1/14/1994,4.275,4.705,5.3,5.675,6.025
1/21/1994,4.225,4.645,5.24,5.595,5.965
1/28/1994,4.205,4.605,5.21,5.565,5.915
2/4/1994,4.555,4.955,5.535,5.91,6.225
2/11/1994,4.595,5.015,5.565,5.91,6.235
2/18/1994,4.735,5.145,5.745,6.09,6.415
2/25/1994,4.905,5.305,5.855,6.21,6.525
3/4/1994,5.135,5.525,6.085,6.435,6.775
3/11/1994,5.225,5.635,6.205,6.545,6.865
3/18/1994,5.285,5.725,6.285,6.615,6.905
3/25/1994,5.375,5.835,6.415,6.735,7.025
4/1/1994,5.475,5.955,6.84,6.865,7.59
4/8/1994,5.705,6.205,6.79,7.115,7.38
4/15/1994,5.795,6.255,6.84,7.135,7.42
4/22/1994,5.865,6.275,6.84,7.115,7.34
4/29/1994,5.995,6.415,6.95,7.235,7.46
5/6/1994,6.355,6.755,7.235,7.495,7.715
5/13/1994,6.345,6.695,7.175,7.425,7.665
5/20/1994,5.995,6.365,6.865,7.105,7.355
5/27/1994,6.205,6.565,7.005,7.245,7.465
6/3/1994,6.075,6.415,6.885,7.125,7.345
6/10/1994,6.065,6.445,6.875,7.135,7.355
6/17/1994,6.105,6.485,6.975,7.245,7.495
6/24/1994,6.305,6.675,7.115,7.375,7.575
7/1/1994,6.445,6.735,7.215,7.465,7.695
7/8/1994,6.495,6.865,7.315,7.585,7.795
7/15/1994,6.285,6.655,7.125,7.385,7.605
7/22/1994,6.385,6.745,7.195,7.455,7.645
7/29/1994,6.185,6.545,7.005,7.255,7.465
8/5/1994,6.405,6.765,7.185,7.435,7.615
8/12/1994,6.415,6.765,7.185,7.435,7.625
8/19/1994,6.385,6.735,7.145,7.405,7.615
8/26/1994,6.365,6.715,7.105,7.355,7.565
9/2/1994,6.34,6.68,7.05,7.32,7.55
9/9/1994,6.55,7,7.29,7.53,7.77
9/16/1994,6.61,6.97,7.36,7.63,7.86
9/23/1994,6.74,7.07,7.47,7.72,7.93
9/30/1994,6.86,7.18,7.55,7.78,7.97
10/7/1994,6.975,7.295,7.665,7.885,8.095
10/14/1994,6.845,7.175,7.555,7.775,7.965
10/21/1994,7.085,7.405,7.775,7.965,8.155
10/28/1994,7.095,7.425,7.785,7.985,8.165
11/4/1994,7.34,7.72,8.03,8.235,8.405
11/11/1994,7.34,7.66,8.01,8.2,8.365
11/18/1994,7.53,7.82,8.1,8.255,8.375
11/25/1994,7.47,7.72,7.95,8.085,8.165
12/2/1994,7.775,7.905,8.035,8.115,8.165
12/9/1994,7.955,8.065,8.115,8.155,8.185
12/16/1994,7.925,8.035,8.095,8.145,8.175
12/23/1994,8.115,8.205,8.215,8.235,8.225
12/30/1994,8.135,8.195,8.175,8.205,8.205
1/6/1995,8.035,8.155,8.21,8.235,8.245
1/13/1995,7.755,7.885,7.99,8.025,8.085
1/20/1995,7.905,8.055,8.155,8.195,8.235
1/27/1995,7.575,7.735,7.895,7.955,8.025
2/3/1995,7.48,7.635,7.765,7.815,7.895
2/10/1995,7.615,7.755,7.875,7.915,7.995
2/17/1995,7.345,7.495,7.635,7.715,7.805
2/24/1995,7.095,7.245,7.405,7.535,7.665
3/3/1995,7.135,7.275,7.515,7.555,7.715
3/10/1995,7.055,7.175,7.325,7.445,7.605
3/17/1995,6.915,7.045,7.215,7.345,7.485
3/24/1995,6.865,6.995,7.195,7.325,7.485
3/31/1995,7.025,7.165,7.325,7.445,7.575
4/7/1995,6.885,7.005,7.185,7.335,7.495
4/14/1995,6.735,6.865,7.065,7.225,7.395
4/21/1995,6.655,6.795,6.995,7.185,7.385
4/28/1995,6.795,6.935,7.125,7.265,7.445
5/5/1995,6.335,6.475,6.665,6.825,7.025
5/12/1995,6.335,6.495,6.695,6.825,6.995
5/19/1995,6.335,6.465,6.675,6.795,6.965
5/26/1995,6.115,6.235,6.435,6.585,6.765
6/2/1995,5.675,5.815,6.065,6.225,6.465
6/9/1995,6.235,6.355,6.545,6.665,6.835
6/16/1995,5.905,6.045,6.265,6.415,6.615
6/23/1995,5.735,5.885,6.105,6.255,6.445
6/30/1995,5.925,6.055,6.245,6.405,6.595
7/7/1995,5.695,5.815,6.035,6.195,6.425
7/14/1995,5.835,5.985,6.175,6.325,6.525
7/21/1995,6.065,6.245,6.535,6.665,6.875
7/28/1995,6.075,6.255,6.515,6.675,6.865
8/4/1995,6.085,6.255,6.495,6.665,6.875
8/11/1995,6.205,6.385,6.675,6.815,6.985
8/18/1995,6.285,6.445,6.665,6.785,6.945
8/25/1995,6.015,6.175,6.405,6.555,6.735
9/1/1995,5.925,6.065,6.295,6.445,6.605
9/8/1995,5.975,6.105,6.325,6.455,6.605
9/15/1995,5.855,5.995,6.205,6.345,6.515
9/22/1995,5.985,6.125,6.355,6.485,6.645
9/29/1995,5.995,6.065,6.295,6.415,6.565
10/6/1995,5.895,5.995,6.165,6.295,6.455
10/13/1995,5.855,5.935,6.085,6.205,6.345
10/20/1995,5.895,5.985,6.155,6.275,6.415
10/27/1995,5.825,5.935,6.125,6.265,6.425
11/3/1995,5.645,5.775,5.965,6.125,6.305
11/10/1995,5.685,5.815,6.045,6.195,6.365
11/17/1995,5.615,5.715,5.915,6.085,6.265
11/24/1995,5.625,5.735,5.955,6.115,6.295
12/1/1995,5.465,5.555,5.755,5.905,6.105
12/8/1995,5.515,5.615,5.795,5.945,6.105
12/15/1995,5.475,5.605,5.825,5.975,6.145
12/22/1995,5.405,5.535,5.765,5.905,6.075
12/29/1995,5.285,5.415,5.655,5.795,5.955
1/5/1996,5.315,5.455,5.685,5.845,6.055
1/12/1996,5.315,5.445,5.705,5.895,6.115
1/19/1996,5.115,5.245,5.505,5.685,5.895
1/26/1996,5.145,5.315,5.595,5.785,5.995
2/2/1996,5.005,5.195,5.515,5.745,6.035
2/9/1996,4.985,5.175,5.525,5.765,6.055
2/16/1996,5.035,5.225,5.575,5.845,6.165
2/23/1996,5.295,5.475,5.795,6.045,6.345
3/1/1996,5.415,5.615,5.895,6.125,6.385
3/8/1996,5.885,6.095,6.365,6.565,6.805
3/15/1996,6.035,6.215,6.495,6.685,6.885
3/22/1996,5.915,6.085,6.355,6.545,6.725
3/29/1996,5.925,6.135,6.405,6.575,6.755
4/5/1996,6.215,6.435,6.715,6.855,7
4/12/1996,6.135,6.325,6.615,6.795,6.945
4/19/1996,6.085,6.305,6.595,6.785,6.945
4/26/1996,6.115,6.305,6.595,6.765,6.945
5/3/1996,6.365,6.605,6.905,7.095,7.295
5/10/1996,6.34,6.58,6.86,7.06,7.25
5/17/1996,6.26,6.49,6.75,6.94,7.12
5/24/1996,6.23,6.45,6.71,6.88,7.06
5/31/1996,6.38,6.59,6.85,7,7.19
6/7/1996,6.33,6.54,6.8,6.96,7.13
6/14/1996,6.54,6.76,7.03,7.2,7.36
6/21/1996,6.55,6.75,7.02,7.17,7.31
6/28/1996,6.44,6.64,6.87,7.03,7.2
7/5/1996,6.4,6.58,6.8,6.96,7.13
7/12/1996,6.465,6.665,6.905,7.055,7.225
7/19/1996,6.405,6.585,6.825,6.985,7.155
7/26/1996,6.455,6.635,6.875,7.045,7.215
8/2/1996,6.085,6.255,6.495,6.675,6.835
8/9/1996,6.085,6.285,6.505,6.665,6.835
8/16/1996,6.135,6.335,6.575,6.725,6.895
8/23/1996,6.255,6.465,6.745,6.905,6.98
8/30/1996,6.505,6.715,6.975,7.125,7.22
9/6/1996,6.525,6.715,6.975,7.135,7.275
9/13/1996,6.295,6.485,6.725,6.905,7.065
9/20/1996,6.415,6.595,6.855,7.025,7.165
9/27/1996,6.235,6.425,6.675,6.845,7.005
10/4/1996,6.015,6.185,6.445,6.625,6.805
10/11/1996,6.065,6.275,6.535,6.715,6.885
10/18/1996,6.025,6.205,6.46,6.635,6.815
10/25/1996,6.04,6.235,6.485,6.645,6.845
11/1/1996,5.935,6.095,6.345,6.505,6.575
11/8/1996,5.905,6.055,6.275,6.395,6.565
11/15/1996,5.815,5.965,6.195,6.325,6.505
11/22/1996,5.835,5.965,6.165,6.285,6.435
11/29/1996,5.745,5.865,6.065,6.205,6.355
12/6/1996,5.895,6.035,6.245,6.395,6.555
12/13/1996,5.925,6.075,6.295,6.465,6.635
12/20/1996,5.995,6.155,6.365,6.525,6.665
12/27/1996,5.945,6.115,6.325,6.475,6.625
1/3/1997,6.155,6.285,6.54,6.68,6.855
1/10/1997,6.255,6.425,6.665,6.825,6.975
1/17/1997,6.175,6.345,6.565,6.695,6.875
1/24/1997,6.225,6.405,6.635,6.795,6.945
1/31/1997,6.095,6.275,6.505,6.665,6.825
2/7/1997,6.045,6.205,6.415,6.585,6.745
2/14/1997,5.935,6.105,6.305,6.435,6.605
2/21/1997,6.015,6.185,6.405,6.545,6.72
2/28/1997,6.265,6.415,6.635,6.76,6.715
3/7/1997,6.245,6.415,6.615,6.755,6.905
3/14/1997,6.355,6.535,6.765,6.905,7.055
3/21/1997,6.515,6.685,6.875,6.995,7.115
3/28/1997,6.665,6.835,7.035,7.155,7.275
4/4/1997,6.685,6.845,7.035,7.155,7.275
4/11/1997,6.735,6.915,7.095,7.225,7.345
4/18/1997,6.625,6.795,6.975,7.07,7.18
4/25/1997,6.775,6.925,7.085,7.205,7.295
5/2/1997,6.475,6.61,6.775,6.9,7.02
5/9/1997,6.475,6.625,6.785,6.905,7.025
5/16/1997,6.495,6.645,6.805,6.935,7.085
5/23/1997,6.475,6.65,6.835,6.965,7.1
5/30/1997,6.445,6.595,6.755,6.875,7.015
6/6/1997,6.355,6.485,6.635,6.735,6.845
6/13/1997,6.275,6.415,6.565,6.675,6.805
6/20/1997,6.275,6.405,6.545,6.645,6.755
6/27/1997,6.31,6.44,6.625,6.735,6.845
7/4/1997,6.215,6.335,6.475,6.585,6.705
7/11/1997,6.16,6.275,6.405,6.505,6.615
7/18/1997,6.225,6.315,6.435,6.525,6.635
7/25/1997,6.125,6.235,6.375,6.475,6.585
8/1/1997,6.165,6.275,6.395,6.48,6.585
8/8/1997,6.305,6.415,6.555,6.655,6.785
8/15/1997,6.145,6.245,6.405,6.525,6.67
8/22/1997,6.25,6.375,6.525,6.645,6.785
8/29/1997,6.255,6.375,6.525,6.635,6.765
9/5/1997,6.255,6.365,6.515,6.635,6.765
9/12/1997,6.215,6.335,6.465,6.565,6.695
9/19/1997,6.12,6.225,6.335,6.415,6.525
9/26/1997,6.145,6.24,6.355,6.435,6.535
10/3/1997,6.035,6.125,6.235,6.325,6.435
10/10/1997,6.175,6.275,6.385,6.485,6.595
10/17/1997,6.255,6.345,6.455,6.535,6.635
10/24/1997,6.095,6.19,6.275,6.365,6.465
10/31/1997,6.015,6.095,6.215,6.275,6.365
11/7/1997,6.085,6.165,6.305,6.355,6.415
11/14/1997,6.095,6.155,6.23,6.29,6.365
11/21/1997,6.035,6.115,6.185,6.225,6.285
11/28/1997,6.105,6.185,6.235,6.275,6.325
12/5/1997,6.155,6.205,6.265,6.315,6.355
12/12/1997,5.985,6.035,6.09,6.135,6.195
12/19/1997,6.015,6.055,6.09,6.13,6.195
12/26/1997,6.035,6.085,6.135,6.165,6.225
1/2/1998,5.93,5.985,6.025,6.065,6.12
1/9/1998,5.565,5.635,5.715,5.805,5.935
1/16/1998,5.715,5.725,5.835,5.935,6.025
1/23/1998,5.745,5.815,5.935,6.045,6.175
1/30/1998,5.655,5.715,5.805,5.895,5.99
2/6/1998,5.695,5.755,5.865,5.975,6.075
2/13/1998,5.675,5.725,5.825,5.915,5.985
2/20/1998,5.705,5.775,5.875,5.945,6.025
2/27/1998,5.855,5.895,5.975,6.045,6.105
3/6/1998,5.88,5.955,6.035,6.105,6.19
3/13/1998,5.835,5.885,5.945,6.005,6.085
3/20/1998,5.855,5.895,5.955,5.99,6.055
3/27/1998,5.995,6.035,6.095,6.135,6.195
4/3/1998,5.815,5.85,5.905,5.955,6.005
4/10/1998,5.865,5.905,5.985,6.045,6.095
4/17/1998,5.895,5.915,5.975,6.025,6.095
4/24/1998,5.975,5.995,6.045,6.095,6.145
5/1/1998,5.965,5.995,6.065,6.095,6.155
5/8/1998,5.975,6.015,6.075,6.125,6.195
5/15/1998,5.995,6.035,6.095,6.145,6.205
5/22/1998,5.985,6.015,6.055,6.105,6.165
5/29/1998,5.915,5.925,5.995,6.035,6.09
6/5/1998,5.935,5.965,6.015,6.055,6.105
6/12/1998,5.815,5.835,5.875,5.925,5.975
6/19/1998,5.855,5.875,5.925,5.965,6.015
6/26/1998,5.865,5.905,5.935,5.975,6.005
7/3/1998,5.815,5.845,5.865,5.91,5.965
7/10/1998,5.785,5.805,5.865,5.915,5.965
7/17/1998,5.835,5.865,5.945,5.99,6.065
7/24/1998,5.855,5.875,5.925,5.975,6.015
7/31/1998,5.875,5.905,5.955,6.005,6.045
8/7/1998,5.78,5.815,5.88,5.925,5.995
8/14/1998,5.74,5.79,5.87,5.94,6.01
8/21/1998,5.675,5.73,5.86,5.94,6.04
8/28/1998,5.48,5.55,5.67,5.77,5.885
9/4/1998,5.43,5.475,5.595,5.675,5.78
9/11/1998,5.19,5.235,5.39,5.51,5.65
9/18/1998,5.165,5.185,5.29,5.39,5.535
9/25/1998,4.925,4.975,5.125,5.225,5.385
10/2/1998,4.745,4.78,4.935,5.04,5.17
10/9/1998,4.92,5.07,5.35,5.51,5.7
10/16/1998,4.56,4.665,4.945,5.115,5.335
10/23/1998,4.695,4.855,5.135,5.31,5.55
10/30/1998,4.7,4.82,5.04,5.2,5.37
11/6/1998,5.115,5.195,5.32,5.51,5.675
11/13/1998,5.05,5.12,5.245,5.4,5.55
11/20/1998,5.115,5.185,5.29,5.395,5.55
11/27/1998,5.17,5.235,5.315,5.45,5.58
12/4/1998,5.035,5.1,5.21,5.32,5.48
12/11/1998,5.025,5.09,5.205,5.34,5.455
12/18/1998,5.01,5.09,5.19,5.29,5.42
12/25/1998,5.265,5.335,5.44,5.54,5.64
1/1/1999,5.13,5.18,5.28,5.36,5.45
1/8/1999,5.25,5.33,5.42,5.52,5.64
1/15/1999,5.1,5.17,5.28,5.39,5.52
1/22/1999,5.06,5.14,5.21,5.33,5.42
1/29/1999,5.13,5.15,5.3,5.37,5.4
2/5/1999,5.31,5.35,5.48,5.57,5.68
2/12/1999,5.337,5.42,5.54,5.7,5.81
2/19/1999,5.41,5.48,5.59,5.69,5.82
2/26/1999,5.64,5.73,5.84,5.93,6.03
3/5/1999,5.59,5.72,5.86,5.96,6.07
3/12/1999,5.49,5.61,5.73,5.825,5.96
3/19/1999,5.49,5.59,5.73,5.83,5.96
3/26/1999,5.465,5.575,5.735,5.85,6
4/2/1999,5.43,5.545,5.705,5.835,5.985
4/9/1999,5.35,5.46,5.6,5.7,5.83
4/16/1999,5.465,5.595,5.73,5.835,5.97
4/23/1999,5.48,5.61,5.76,5.86,5.99
4/30/1999,5.51,5.645,5.82,5.935,6.06
5/7/1999,5.59,5.73,5.93,6.045,6.195
5/14/1999,5.68,5.845,6.06,6.19,6.335
5/21/1999,5.715,5.9,6.07,6.16,6.31
5/28/1999,5.855,6.04,6.22,6.32,6.41
6/4/1999,6,6.195,6.395,6.49,6.59
6/11/1999,6.15,6.36,6.59,6.715,6.835
6/18/1999,5.975,6.18,6.41,6.53,6.625
6/25/1999,6.16,6.38,6.59,6.735,6.855
7/2/1999,6.045,6.22,6.41,6.53,6.665
7/9/1999,6.07,6.235,6.41,6.54,6.67
7/16/1999,6,6.15,6.32,6.44,6.56
7/23/1999,6.12,6.31,6.46,6.66,6.73
7/30/1999,6.27,6.455,6.64,6.77,6.9
8/6/1999,6.41,6.63,6.84,6.96,7.09
8/13/1999,6.37,6.56,6.75,6.89,7.03
8/20/1999,6.23,6.43,6.65,6.78,6.92
8/27/1999,6.26,6.43,6.62,6.76,6.88
9/3/1999,6.27,6.45,6.69,6.82,6.96
9/10/1999,6.26,6.43,6.63,6.75,6.89
9/17/1999,6.165,6.295,6.425,6.63,6.8
9/24/1999,6.11,6.26,6.46,6.59,6.715
10/1/1999,6.31,6.47,6.65,6.79,6.92
10/8/1999,6.41,6.55,6.7,6.81,6.94
10/15/1999,6.39,6.58,6.735,6.785,6.975
10/22/1999,6.51,6.66,6.82,6.95,7.07
10/29/1999,6.36,6.405,6.77,6.675,6.86
11/5/1999,6.24,6.33,6.445,6.545,6.745
11/12/1999,6.28,6.375,6.54,6.64,6.71
11/19/1999,6.385,6.54,6.66,6.74,6.86
11/26/1999,6.51,6.62,6.74,6.83,6.93
12/3/1999,6.54,6.625,6.685,6.86,6.865
12/10/1999,6.48,6.58,6.69,6.78,6.88
12/17/1999,6.73,6.85,6.96,7.05,7.14
12/24/1999,6.8,6.92,7.03,7.12,7.22
12/31/1999,6.77,6.88,6.98,7.06,7.17
1/7/2000,6.85,6.96,7.08,7.17,7.27
1/14/2000,6.95,7.095,7.23,7.33,7.43
1/21/2000,6.95,7.1,7.26,7.36,7.48
1/28/2000,7.09,7.2292,7.3515,7.4004,7.454
2/4/2000,7.224,7.355,7.447,7.47,7.46
2/11/2000,7.14,7.303,7.409,7.47,7.53
2/18/2000,7.2225,7.3473,7.437,7.4746,7.511
2/25/2000,6.97,7.1,7.2275,7.295,7.375
3/3/2000,7.037,7.163,7.27,7.324,7.3655
3/10/2000,7.111,7.233,7.342,7.3965,7.4335
3/17/2000,7.081,7.178,7.256,7.28,7.282
3/24/2000,7.225,7.294,7.331,7.343,7.349
3/31/2000,7.155,7.215,7.238,7.247,7.267
4/7/2000,7.0335,7.0757,7.097,7.1185,7.137
4/14/2000,7.041,7.0803,7.115,7.1388,7.193
4/21/2000,7.0305,7.0803,7.122,7.1568,7.213
4/28/2000,7.323,7.353,7.3695,7.382,7.4015
5/5/2000,7.581,7.65,7.718,7.751,7.808
5/12/2000,7.637,7.7042,7.7715,7.805,7.853
5/19/2000,7.6075,7.665,7.739,7.783,7.8215
5/26/2000,7.5165,7.55,7.6,7.6322,7.6435
6/2/2000,7.351,7.371,7.39,7.3968,7.4115
6/9/2000,7.3575,7.378,7.4025,7.4075,7.403
6/16/2000,7.137,7.138,7.152,7.162,7.1675
6/23/2000,7.2995,7.323,7.359,7.376,7.401
6/30/2000,7.205,7.206,7.218,7.234,7.264
7/7/2000,7.0545,7.075,7.112,7.147,7.1715
7/14/2000,7.185,7.205,7.22,7.247,7.2785
7/21/2000,7.069,7.092,7.139,7.163,7.1975
7/28/2000,7.098,7.121,7.161,7.204,7.246
8/4/2000,6.98,7,7.04,7.0692,7.106
8/11/2000,6.994,7.01,7.042,7.057,7.074
8/18/2000,6.968,6.98,7.013,7.036,7.058
8/25/2000,6.94,6.936,6.939,6.959,6.984
9/1/2000,6.797,6.802,6.834,6.869,6.921
9/8/2000,6.851,6.859,6.916,6.966,7.027
9/15/2000,6.795,6.802,6.86,6.94,7.036
9/22/2000,6.751,6.78,6.86,6.93,6.989
9/29/2000,6.715,6.702,6.768,6.838,6.916
10/6/2000,6.734,6.753,6.824,6.887,6.971
10/13/2000,6.646,6.659,6.725,6.813,6.918
10/20/2000,6.586,6.579,6.619,6.683,6.763
10/27/2000,6.659,6.677,6.7365,6.794,6.856
11/3/2000,6.642,6.674,6.77,6.842,6.907
11/10/2000,6.587,6.631,6.754,6.834,6.924
11/17/2000,6.586,6.608,6.693,6.762,6.842
11/24/2000,6.549,6.574,6.668,6.728,6.798
12/1/2000,6.365,6.383,6.494,6.571,6.661
12/8/2000,6.159,6.152,6.195,6.25,6.317
12/15/2000,6.024,6.016,6.055,6.092,6.143
12/22/2000,5.774,5.802,5.877,5.943,6.025
12/29/2000,5.852,5.887,5.975,6.047,6.133
1/5/2001,5.297,5.378,5.511,5.626,5.77
1/12/2001,5.568,5.684,5.855,5.99,6.14
1/19/2001,5.39,5.531,5.745,5.889,6.056
1/26/2001,5.456,5.609,5.821,5.972,6.129
2/2/2001,5.323,5.457,5.662,5.827,5.996
2/9/2001,5.255,5.415,5.643,5.787,5.956
2/16/2001,5.307,5.48,5.733,5.889,6.054
2/23/2001,5.201,5.39,5.678,5.866,6.059
3/2/2001,5.111,5.304,5.555,5.713,5.853
3/9/2001,5.114,5.306,5.563,5.741,5.882
3/16/2001,4.865,5.084,5.357,5.55,5.721
3/23/2001,4.797,5.035,5.348,5.554,5.744
3/30/2001,4.822,5.074,5.405,5.633,5.848
4/6/2001,4.718,4.995,5.325,5.556,5.793
4/13/2001,4.953,5.229,5.57,5.827,6.061
4/20/2001,4.803,5.164,5.581,5.853,6.122
4/27/2001,4.832,5.177,5.584,5.858,6.139
5/4/2001,4.706,5.064,5.469,5.727,5.992
5/11/2001,4.852,5.274,5.745,6.011,6.275
5/18/2001,4.894,5.2935,5.721,5.9615,6.166
5/25/2001,4.86,5.293,5.763,6.034,6.288
6/1/2001,4.747,5.181,5.6305,5.892,6.153
6/8/2001,4.732,5.181,5.6735,5.924,6.142
6/15/2001,4.5485,5.0045,5.52,5.815,6.071
6/22/2001,4.453,4.92,5.441,5.732,5.981
6/29/2001,4.835,5.312,5.833,6.0965,6.3175
7/6/2001,4.682,5.1775,5.7115,5.984,6.226
7/13/2001,4.6575,5.124,5.6245,5.8865,6.096
7/20/2001,4.473,4.955,5.478,5.732,5.939
7/27/2001,4.351,4.8205,5.3785,5.6645,5.899
8/3/2001,4.4015,4.8835,5.458,5.7415,5.9675
8/10/2001,4.213,4.705,5.292,5.593,5.823
8/17/2001,4.23,4.693,5.201,5.47,5.697
8/24/2001,4.276,4.741,5.247,5.534,5.769
8/31/2001,4.134,4.601,5.128,5.408,5.649
9/7/2001,4.019,4.49,5.039,5.334,5.579
9/14/2001,3.618,4.129,4.722,5.085,5.392
9/21/2001,3.437,3.993,4.624,5.034,5.398
9/28/2001,3.376,3.915,4.55,4.925,5.253
10/5/2001,3.172,3.775,4.474,4.856,5.183
10/12/2001,3.35,3.935,4.616,5.024,5.372
10/19/2001,3.22,3.819,4.543,4.95,5.296
10/26/2001,3.074,3.695,4.44,4.85,5.187
11/2/2001,2.958,3.565,4.316,4.699,5.026
11/9/2001,2.838,3.466,4.208,4.598,4.908
11/16/2001,3.476,4.147,4.863,5.231,5.516
11/23/2001,3.617,4.301,5.024,5.394,5.674
11/30/2001,3.322,4.02,4.753,5.13,5.448
12/7/2001,3.67,4.41,5.19,5.57,5.885
12/14/2001,3.64,4.42,5.25,5.649,5.976
12/21/2001,3.65,4.45,5.22,5.588,5.88
12/28/2001,3.642,4.443,5.196,5.579,5.899
1/4/2002,3.579,4.367,5.15,5.531,5.849
1/11/2002,3.146,3.913,4.743,5.158,5.531
1/18/2002,3.29,4.05,4.85,5.25,5.6
1/25/2002,3.544,4.27,5.07,5.46,5.772
2/1/2002,3.455,4.17,4.96,5.37,5.7
2/8/2002,3.31,4.02,4.84,5.285,5.637
2/15/2002,3.34,4.04,4.83,5.23,5.56
2/22/2002,3.37,4.03,4.781,5.2,5.545
3/1/2002,3.59,4.208,4.931,5.329,5.64
3/8/2002,3.98,4.61,5.328,5.71,6.02
3/15/2002,4.01,4.64,5.33,5.71,6.01
3/22/2002,4.175,4.794,5.43,5.78,6.051
3/29/2002,4.12,4.73,5.42,5.78,6.07
4/5/2002,3.91,4.5,5.15,5.52,5.828
4/12/2002,3.83,4.439,5.1135,5.495,5.823
4/19/2002,3.772,4.404,5.094,5.49,5.819
4/26/2002,3.6,4.22,4.903,5.307,5.635
5/3/2002,3.59,4.201,4.905,5.288,5.604
5/10/2002,3.585,4.203,4.893,5.315,5.671
5/17/2002,3.785,4.375,5.025,5.428,5.778
5/24/2002,3.66,4.23,4.89,5.29,5.64
5/31/2002,3.59,4.1405,4.79,5.2,5.545
6/7/2002,3.56,4.14,4.81,5.23,5.6
6/14/2002,3.3255,3.9,4.5645,4.975,5.339
6/21/2002,3.27,3.85,4.525,4.928,5.2705
6/28/2002,3.22,3.85,4.555,4.973,5.348
7/5/2002,3.245,3.875,4.575,5.025,5.395
7/12/2002,2.89,3.515,4.255,4.695,5.095
7/19/2002,2.825,3.435,4.195,4.656,5.0565
7/26/2002,2.655,3.265,4.085,4.5825,5.035
8/2/2002,2.455,3.095,3.915,4.45,4.915
8/9/2002,2.475,3.065,3.8565,4.374,4.818
8/16/2002,2.645,3.215,4.005,4.485,4.895
8/23/2002,2.535,3.0795,3.835,4.316,4.755
8/30/2002,2.47,2.96,3.665,4.205,4.675
9/6/2002,2.385,2.885,3.6035,4.1065,4.575
9/13/2002,2.435,2.889,3.535,4.02,4.455
9/20/2002,2.35,2.805,3.46,3.93,4.375
9/27/2002,2.205,2.665,3.325,3.815,4.294
10/4/2002,2.205,2.658,3.345,3.855,4.325
10/11/2002,2.255,2.695,3.395,3.925,4.425
10/18/2002,2.485,2.995,3.735,4.255,4.725
10/25/2002,2.3945,2.904,3.654,4.1715,4.6775
11/1/2002,2.155,2.67,3.455,4.015,4.56
11/8/2002,2.165,2.665,3.325,3.815,4.295
11/15/2002,2.26,2.785,3.495,4.01,4.525
11/22/2002,2.435,2.985,3.695,4.195,4.665
11/29/2002,2.455,3.025,3.745,4.245,4.715
12/6/2002,2.235,2.805,3.535,4.0545,4.5425
12/13/2002,2.195,2.745,3.503,4.025,4.527
12/20/2002,2.095,2.644,3.375,3.897,4.414
12/27/2002,1.905,2.455,3.2105,3.737,4.255
1/3/2003,2.075,2.618,3.425,3.961,4.477
1/10/2003,2.085,2.6985,3.575,4.0975,4.585
1/17/2003,1.995,2.585,3.415,3.945,4.445
1/24/2003,1.965,2.525,3.332,3.855,4.375
1/31/2003,1.988,2.574,3.385,3.915,4.407
2/7/2003,1.922,2.505,3.354,3.875,4.375
2/14/2003,1.905,2.475,3.315,3.855,4.375
2/21/2003,1.865,2.395,3.225,3.765,4.295
2/28/2003,1.773,2.285,3.055,3.595,4.105
3/7/2003,1.655,2.175,2.9765,3.5255,4.065
3/14/2003,1.825,2.345,3.135,3.6445,4.145
3/21/2003,2.105,2.703,3.555,4.075,4.575
3/28/2003,1.805,2.389,3.255,3.814,4.342
4/4/2003,1.835,2.405,3.285,3.845,4.386
4/11/2003,1.895,2.463,3.314,3.865,4.385
4/18/2003,1.935,2.495,3.335,3.865,4.355
4/25/2003,1.797,2.35,3.215,3.748,4.265
5/2/2003,1.745,2.343,3.225,3.7665,4.285
5/9/2003,1.635,2.095,2.895,3.465,4.015
5/16/2003,1.485,1.935,2.675,3.215,3.725
5/23/2003,1.535,1.935,2.645,3.165,3.675
5/30/2003,1.492,1.873,2.611,3.169,3.723
6/6/2003,1.421,1.814,2.595,3.145,3.695
6/13/2003,1.275,1.641,2.371,2.915,3.46
6/20/2003,1.3815,1.828,2.615,3.184,3.7435
6/27/2003,1.555,2.022,2.775,3.335,3.888
7/4/2003,1.515,1.988,2.825,3.385,3.995
7/11/2003,1.501,1.973,2.803,3.408,3.994
7/18/2003,1.725,2.308,3.245,3.845,4.395
7/25/2003,1.708,2.355,3.385,4.023,4.595
8/1/2003,2.145,2.901,3.885,4.495,5.078
8/8/2003,1.965,2.5855,3.56,4.145,4.695
8/15/2003,2.135,2.86,3.87,4.435,4.985
8/22/2003,2.255,2.945,3.9085,4.475,4.965
8/29/2003,2.255,2.965,3.935,4.495,4.955
9/5/2003,2.025,2.765,3.721,4.302,4.821
9/12/2003,1.915,2.575,3.537,4.137,4.687
9/19/2003,1.965,2.585,3.497,4.065,4.575
9/26/2003,1.815,2.415,3.303,3.878,4.4145
10/3/2003,1.982,2.616,3.555,4.125,4.658
10/10/2003,1.965,2.585,3.545,4.145,4.695
10/17/2003,2.221,2.856,3.753,4.315,4.831
10/24/2003,2.1215,2.711,3.5735,4.125,4.645
10/31/2003,2.168,2.786,3.676,4.2065,4.714
11/7/2003,2.375,3.005,3.865,4.3845,4.865
11/14/2003,2.135,2.732,3.575,4.109,4.61
11/21/2003,2.163,2.75,3.555,4.066,4.555
11/28/2003,2.358,2.973,3.755,4.245,4.705
12/5/2003,2.205,2.808,3.605,4.12,4.615
12/12/2003,2.136,2.74,3.575,4.1015,4.6135
12/19/2003,2.1485,2.737,3.5545,4.042,4.515
12/26/2003,2.125,2.715,3.565,4.065,4.545
1/2/2004,2.225,2.894,3.775,4.285,4.775
1/9/2004,1.975,2.563,3.405,3.945,4.455
1/16/2004,2.005,2.57,3.385,3.895,4.395
1/23/2004,2.015,2.595,3.425,3.945,4.445
1/30/2004,2.165,2.741,3.545,4.047,4.525
2/6/2004,2.098,2.672,3.5035,4.005,4.485
2/13/2004,1.97,2.555,3.38,3.9,4.41
2/20/2004,2.06,2.642,3.466,3.986,4.487
2/27/2004,1.965,2.525,3.354,3.875,4.3745
3/5/2004,1.877,2.428,3.2165,3.738,4.2435
3/12/2004,1.837,2.34,3.102,3.632,4.145
3/19/2004,1.834,2.349,3.11,3.634,4.145
3/26/2004,1.875,2.382,3.164,3.69,4.204
4/2/2004,2.18,2.745,3.548,4.067,4.56
4/9/2004,2.195,2.765,3.605,4.115,4.605
4/16/2004,2.331,2.94,3.777,4.294,4.778
4/23/2004,2.609,3.213,3.999,4.47,4.904
4/30/2004,2.673,3.293,4.0825,4.549,4.985
5/7/2004,3.0035,3.655,4.4815,4.9325,5.3205
5/14/2004,2.927,3.585,4.397,4.869,5.283
5/21/2004,2.992,3.608,4.389,4.849,5.253
5/28/2004,2.935,3.516,4.272,4.724,5.132
6/4/2004,3.09,3.674,4.429,4.871,5.269
6/11/2004,3.2055,3.757,4.449,4.885,5.281
6/18/2004,3.208,3.732,4.396,4.809,5.195
6/25/2004,3.152,3.66,4.326,4.74,5.1265
7/2/2004,2.938,3.429,4.097,4.53,4.943
7/9/2004,2.936,3.424,4.0985,4.531,4.943
7/16/2004,2.92,3.3825,4.0165,4.43,4.8315
7/23/2004,3.086,3.544,4.1505,4.5375,4.913
7/30/2004,3.079,3.544,4.177,4.5775,4.962
8/6/2004,2.782,3.229,3.8585,4.285,4.695
8/13/2004,2.83,3.2665,3.876,4.284,4.685
8/20/2004,2.811,3.2295,3.8535,4.275,4.6835
8/27/2004,2.836,3.2765,3.885,4.2935,4.693
9/3/2004,2.982,3.39,3.984,4.3805,4.7705
9/10/2004,2.865,3.265,3.8375,4.245,4.635
9/17/2004,2.851,3.2335,3.758,4.148,4.5475
9/24/2004,2.9235,3.255,3.741,4.09,4.447
10/1/2004,2.965,3.3355,3.875,4.2485,4.636
10/8/2004,2.935,3.28,3.815,4.185,4.565
10/15/2004,2.859,3.209,3.7285,4.105,4.495
10/22/2004,2.86,3.175,3.656,4.02,4.395
10/29/2004,2.907,3.213,3.708,4.069,4.4535
11/5/2004,3.147,3.4345,3.8955,4.245,4.614
11/12/2004,3.192,3.4705,3.915,4.2565,4.6115
11/19/2004,3.303,3.5625,3.9795,4.272,4.6155
11/26/2004,3.392,3.638,4.028,4.318,4.635
12/3/2004,3.293,3.5645,3.993,4.3145,4.665
12/10/2004,3.285,3.52,3.9035,4.203,4.543
12/17/2004,3.391,3.615,3.969,4.2635,4.5955
12/24/2004,3.435,3.645,3.994,4.293,4.625
12/31/2004,3.445,3.664,4.025,4.309,4.639
1/7/2005,3.565,3.776,4.1265,4.386,4.669
1/14/2005,3.595,3.796,4.097,4.336,4.607
1/21/2005,3.519,3.7165,4.0155,4.2555,4.525
1/28/2005,3.592,3.782,4.0695,4.2815,4.524
2/4/2005,3.645,3.825,4.065,4.245,4.465
2/11/2005,3.679,3.838,4.066,4.245,4.466
2/18/2005,3.813,3.989,4.248,4.431,4.649
2/25/2005,3.88,4.057,4.288,4.4575,4.656
3/4/2005,3.923,4.1165,4.354,4.5255,4.72
3/11/2005,4.1,4.338,4.615,4.779,4.9575
3/18/2005,4.104,4.329,4.582,4.749,4.9405
3/25/2005,4.281,4.495,4.732,4.877,5.04
4/1/2005,4.145,4.3395,4.5765,4.7365,4.913
4/8/2005,4.17,4.364,4.6205,4.7685,4.955
4/15/2005,3.9205,4.1035,4.3155,4.4885,4.694
4/22/2005,3.997,4.1655,4.363,4.5185,4.698
4/29/2005,4.02,4.1725,4.35,4.481,4.65
5/6/2005,4.09,4.2335,4.398,4.535,4.698
5/13/2005,3.967,4.097,4.28,4.4135,4.59
5/20/2005,4.04,4.171,4.318,4.4305,4.574
5/27/2005,3.992,4.102,4.228,4.337,4.493
6/3/2005,3.903,3.9915,4.1375,4.245,4.3895
6/10/2005,4.04,4.124,4.2435,4.331,4.4625
6/17/2005,4.047,4.139,4.265,4.355,4.4775
6/24/2005,3.911,3.9775,4.089,4.1855,4.318
7/1/2005,4.115,4.1695,4.27,4.354,4.474
7/8/2005,4.141,4.2045,4.318,4.3975,4.5175
7/15/2005,4.2185,4.2955,4.3975,4.4765,4.5925
7/22/2005,4.2845,4.3565,4.477,4.554,4.6575
7/29/2005,4.386,4.4635,4.563,4.63,4.722
8/5/2005,4.486,4.575,4.68,4.75,4.8415
8/12/2005,4.4115,4.469,4.534,4.6015,4.686
8/19/2005,4.4,4.449,4.506,4.5745,4.657
8/26/2005,4.4325,4.474,4.519,4.5615,4.624
9/2/2005,4.13,4.195,4.287,4.369,4.483
9/9/2005,4.246,4.296,4.3705,4.4485,4.5475
9/16/2005,4.3675,4.4225,4.509,4.5955,4.7185
9/23/2005,4.4135,4.4505,4.5235,4.5905,4.6965
9/30/2005,4.571,4.6005,4.653,4.7055,4.7875
10/7/2005,4.5875,4.626,4.691,4.735,4.8255
10/14/2005,4.681,4.7455,4.818,4.8805,4.966
10/21/2005,4.6295,4.6685,4.7345,4.789,4.869
10/28/2005,4.8095,4.8595,4.9365,4.9945,5.0745
11/4/2005,4.918,4.987,5.071,5.1315,5.216
11/11/2005,4.878,4.911,4.969,5.025,5.105
11/18/2005,4.8245,4.8535,4.9155,4.964,5.0425
11/25/2005,4.749,4.764,4.825,4.885,4.974
12/2/2005,4.878,4.904,4.9665,5.0125,5.079
12/9/2005,4.8765,4.9115,4.961,5.01,5.091
12/16/2005,4.8125,4.828,4.8685,4.912,4.9795
12/23/2005,4.819,4.811,4.845,4.8735,4.923
12/30/2005,4.852,4.84,4.877,4.891,4.944
1/6/2006,4.779,4.778,4.8055,4.836,4.8895
1/13/2006,4.75,4.738,4.77,4.8,4.861
1/20/2006,4.754,4.7325,4.7635,4.794,4.8455
1/27/2006,4.9045,4.898,4.9415,4.9765,5.0255
2/3/2006,4.981,4.972,4.9955,5.0145,5.04
2/10/2006,5.086,5.077,5.098,5.11,5.123
2/17/2006,5.072,5.056,5.058,5.06,5.067
2/24/2006,5.124,5.114,5.109,5.1065,5.101
3/3/2006,5.17,5.169,5.1935,5.2115,5.232
3/10/2006,5.2155,5.217,5.2355,5.265,5.2955
3/17/2006,5.0765,5.066,5.1115,5.1555,5.212
3/24/2006,5.138,5.1105,5.1405,5.162,5.2005
3/31/2006,5.277,5.266,5.304,5.342,5.39
4/7/2006,5.345,5.35,5.4055,5.46,5.5275
4/14/2006,5.39,5.405,5.471,5.526,5.596
4/21/2006,5.3255,5.332,5.3955,5.4575,5.5325
4/28/2006,5.307,5.325,5.4005,5.476,5.568
5/5/2006,5.386,5.4,5.4725,5.541,5.6255
5/12/2006,5.4495,5.4775,5.556,5.631,5.7225
5/19/2006,5.4155,5.415,5.4675,5.525,5.5965
5/26/2006,5.369,5.387,5.453,5.519,5.602
6/2/2006,5.3525,5.3565,5.4085,5.469,5.545
6/9/2006,5.444,5.418,5.453,5.4885,5.535
6/16/2006,5.6115,5.604,5.6295,5.661,5.703
6/23/2006,5.728,5.723,5.7465,5.775,5.815
6/30/2006,5.6245,5.616,5.648,5.683,5.7295
7/7/2006,5.651,5.6345,5.6615,5.695,5.741
7/14/2006,5.57,5.553,5.588,5.625,5.6725
7/21/2006,5.527,5.499,5.535,5.575,5.63
7/28/2006,5.429,5.401,5.444,5.497,5.564
8/4/2006,5.361,5.3145,5.35,5.396,5.4565
8/11/2006,5.4005,5.3815,5.416,5.462,5.5225
8/18/2006,5.3055,5.2515,5.271,5.317,5.372
8/25/2006,5.279,5.2275,5.244,5.282,5.335
9/1/2006,5.181,5.136,5.167,5.217,5.281
9/8/2006,5.227,5.1745,5.203,5.2475,5.307
9/15/2006,5.2865,5.23,5.2475,5.2845,5.3365
9/22/2006,5.0845,5.016,5.0255,5.07,5.1255
9/29/2006,5.112,5.0545,5.074,5.113,5.169
10/6/2006,5.155,5.108,5.139,5.183,5.238
10/13/2006,5.2695,5.242,5.2585,5.298,5.3535
10/20/2006,5.267,5.2255,5.238,5.277,5.3273
10/27/2006,5.137,5.0797,5.1045,5.1465,5.2015
11/3/2006,5.207,5.1595,5.167,5.204,5.253
11/10/2006,5.0918,5.0305,5.0279,5.0665,5.122
11/17/2006,5.092,5.0219,5.0125,5.045,5.0984
11/24/2006,5.07,4.985,4.965,4.9945,5.0415
12/1/2006,4.8565,4.7878,4.786,4.832,4.8995
12/8/2006,5.0255,4.951,4.945,4.9807,5.0415
12/15/2006,5.0665,4.9805,4.9786,5.012,5.069
12/22/2006,5.082,5,5.0125,5.044,5.1035
12/29/2006,5.172,5.1,5.0885,5.1145,5.177
1/5/2007,5.0955,5.026,5.0225,5.0519,5.0975
1/12/2007,5.247,5.177,5.183,5.212,5.264
1/19/2007,5.2715,5.2,5.186,5.214,5.266
1/26/2007,5.334,5.2905,5.2965,5.3305,5.3845
2/2/2007,5.2906,5.239,5.235,5.2674,5.321
2/9/2007,5.2735,5.2085,5.2045,5.24,5.2985
2/16/2007,5.1845,5.108,5.111,5.1425,5.2005
2/23/2007,5.177,5.1005,5.0955,5.132,5.195
3/2/2007,4.962,4.9025,4.9325,4.984,5.0645
3/9/2007,5.0705,5.0025,5.0185,5.0605,5.13
3/16/2007,4.995,4.9255,4.9425,4.996,5.081
3/23/2007,5.004,4.9415,4.976,5.04,5.143
3/30/2007,5.001,4.9465,4.993,5.066,5.175
4/6/2007,5.141,5.095,5.13,5.194,5.291
4/13/2007,5.1655,5.1165,5.149,5.21,5.2995
4/20/2007,5.0475,4.9885,5.0275,5.0965,5.1985
4/27/2007,5.079,5.0195,5.061,5.134,5.2365
5/4/2007,5.0855,5.022,5.0275,5.0865,5.1785
5/11/2007,5.1225,5.055,5.0675,5.1225,5.212
5/18/2007,5.234,5.1915,5.2195,5.2745,5.3605
5/25/2007,5.273,5.239,5.2785,5.334,5.4155
6/1/2007,5.404,5.388,5.424,5.4665,5.5305
6/8/2007,5.4425,5.4845,5.5595,5.634,5.714
6/15/2007,5.4795,5.512,5.594,5.6695,5.761
6/22/2007,5.399,5.4435,5.555,5.649,5.7525
6/29/2007,5.3585,5.399,5.4875,5.5705,5.6655
7/6/2007,5.4705,5.5255,5.6465,5.731,5.826
7/13/2007,5.4145,5.461,5.5665,5.6495,5.7455
7/20/2007,5.2885,5.335,5.4435,5.533,5.6385
7/27/2007,5.062,5.1085,5.2605,5.3855,5.5275
8/3/2007,4.9885,5.022,5.1625,5.2895,5.4325
8/10/2007,5.06,5.1105,5.2605,5.379,5.515
8/17/2007,4.8765,4.94,5.1115,5.2685,5.435
8/24/2007,4.9795,4.9905,5.068,5.163,5.274
8/31/2007,4.897,4.872,4.961,5.0815,5.222
9/7/2007,4.659,4.658,4.735,4.8675,5.0375
9/14/2007,4.732,4.733,4.856,4.979,5.1375
9/21/2007,4.6665,4.7425,4.9325,5.0915,5.2655
9/28/2007,4.657,4.717,4.885,5.0415,5.211
10/5/2007,4.792,4.836,4.997,5.121,5.259
10/12/2007,4.8625,4.908,5.048,5.169,5.3005
10/19/2007,4.4845,4.5345,4.7065,4.862,5.039
10/26/2007,4.4345,4.5115,4.7205,4.8805,5.046
11/2/2007,4.3995,4.4665,4.6725,4.8305,5.006
11/9/2007,4.229,4.322,4.565,4.755,4.963
11/16/2007,4.2005,4.2725,4.5115,4.705,4.9055
11/23/2007,4.021,4.085,4.346,4.549,4.766
11/30/2007,3.895,3.9375,4.1695,4.378,4.592
12/7/2007,4.08,4.132,4.385,4.5965,4.8275
12/14/2007,4.197,4.25,4.489,4.7,4.9175
12/21/2007,4.012,4.097,4.3655,4.592,4.8265
12/28/2007,3.87,3.972,4.2455,4.482,4.7265
1/4/2008,3.543,3.613,3.924,4.208,4.5015
1/11/2008,3.255,3.357,3.721,4.0485,4.3875
1/18/2008,3.021,3.151,3.534,3.8875,4.25
1/25/2008,2.886,3.057,3.4575,3.8045,4.1585
2/1/2008,2.7955,3.032,3.4855,3.855,4.2245
2/8/2008,2.692,2.967,3.4935,3.907,4.3095
2/15/2008,2.742,3.0615,3.658,4.086,4.484
2/22/2008,2.9225,3.2145,3.7665,4.165,4.5495
2/29/2008,2.5095,2.7825,3.3545,3.7925,4.2205
3/7/2008,2.5635,2.8905,3.5075,3.957,4.3895
3/14/2008,2.375,2.695,3.317,3.7385,4.1505
3/21/2008,2.483,2.763,3.266,3.633,3.974
3/28/2008,2.483,2.807,3.3675,3.751,4.1055
4/4/2008,2.617,2.9375,3.4265,3.7675,4.0975
4/11/2008,2.576,2.8625,3.3895,3.7555,4.1085
4/18/2008,3.0435,3.309,3.744,4.0685,4.36
4/25/2008,3.2985,3.559,3.9645,4.2445,4.5175
5/2/2008,3.248,3.54,3.9415,4.2095,4.4715
5/9/2008,3.043,3.3305,3.7665,4.0765,4.3715
5/16/2008,3.2395,3.52,3.8955,4.164,4.4345
5/23/2008,3.248,3.557,3.946,4.201,4.476
5/30/2008,3.4595,3.8,4.226,4.4695,4.707
6/6/2008,3.323,3.6785,4.1295,4.405,4.6625
6/13/2008,3.971,4.322,4.649,4.809,4.9555
6/20/2008,3.801,4.1345,4.4845,4.679,4.863
6/27/2008,3.549,3.8955,4.2675,4.4815,4.6735
7/4/2008,3.528,3.885,4.282,4.517,4.742
7/11/2008,3.4695,3.8125,4.1855,4.4185,4.644
7/18/2008,3.645,4.0255,4.4085,4.646,4.858
7/25/2008,3.618,3.974,4.3355,4.581,4.796
8/1/2008,3.4275,3.762,4.152,4.407,4.658
8/8/2008,3.443,3.7975,4.1795,4.431,4.662
8/15/2008,3.3855,3.7145,4.101,4.3445,4.582
8/22/2008,3.411,3.7425,4.128,4.373,4.584
8/29/2008,3.323,3.652,4.02,4.262,4.4835
9/5/2008,3.2605,3.566,3.923,4.1575,4.373
9/12/2008,3.178,3.4835,3.8585,4.1124,4.3525
9/19/2008,3.352,3.69,4.0519,4.2705,4.4705
9/26/2008,3.501,3.8205,4.1603,4.3543,4.5265
10/3/2008,3.099,3.4093,3.7925,4.0368,4.265
10/10/2008,3.122,3.4711,3.9211,4.2363,4.423
10/17/2008,2.85,3.297,3.9075,4.2373,4.468
10/24/2008,2.7715,3.152,3.692,3.9715,4.168
10/31/2008,2.761,3.228,3.8431,4.2091,4.4635
11/7/2008,2.4015,2.915,3.5987,3.966,4.2115
11/14/2008,2.3795,2.7675,3.4115,3.8013,4.0715
11/21/2008,2.1578,2.479,3.0103,3.2859,3.4215
11/28/2008,2.0815,2.285,2.7615,2.9855,3.1165
12/5/2008,2.158,2.3555,2.673,2.8758,3.0115
12/12/2008,1.816,2.035,2.3773,2.5977,2.753
12/19/2008,1.525,1.7712,2.0826,2.2577,2.3985
12/26/2008,1.5495,1.7975,2.1455,2.344,2.5205
1/2/2009,1.6165,1.9078,2.2755,2.5234,2.7455
1/9/2009,1.2935,1.6167,2.025,2.2915,2.54
1/16/2009,1.3215,1.6466,2.0097,2.2387,2.459
1/23/2009,1.455,1.794,2.2375,2.5115,2.77
1/30/2009,1.646,2.0185,2.513,2.8036,3.083
2/6/2009,1.5995,1.999,2.5935,2.934,3.2135
2/13/2009,1.6456,2.01,2.5768,2.8743,3.141
2/20/2009,1.59,1.9355,2.475,2.7905,3.039
2/27/2009,1.669,2.041,2.6581,3.033,3.329
3/6/2009,1.729,2.0721,2.5828,2.892,3.122
3/13/2009,1.6502,1.979,2.5073,2.847,3.123
3/20/2009,1.5106,1.833,2.3212,2.653,2.9475
3/27/2009,1.454,1.763,2.308,2.649,2.9529
4/3/2009,1.523,1.8605,2.4068,2.7627,3.0717
4/10/2009,1.5109,1.862,2.469,2.813,3.0709
4/17/2009,1.563,1.933,2.4797,2.8218,3.1125
4/24/2009,1.569,1.9785,2.5387,2.8665,3.146
5/1/2009,1.4883,1.948,2.598,2.985,3.303
5/8/2009,1.4395,1.936,2.6339,3.0555,3.405
5/15/2009,1.272,1.754,2.458,2.8755,3.231
5/22/2009,1.2932,1.8505,2.6602,3.1785,3.5995
5/29/2009,1.324,1.9045,2.764,3.26,3.655
6/5/2009,1.7685,2.437,3.352,3.8501,4.2155
6/12/2009,1.692,2.358,3.23,3.71,4.0738
6/19/2009,1.682,2.356,3.232,3.69,4.044
6/26/2009,1.484,2.1065,2.9305,3.387,3.742
7/3/2009,1.445,1.9932,2.8494,3.328,3.71
7/10/2009,1.2895,1.871,2.651,3.1095,3.4815
7/17/2009,1.456,2.1209,2.9915,3.4945,3.886
7/24/2009,1.441,2.0895,2.9845,3.4877,3.8835
7/31/2009,1.466,2.0815,2.8715,3.3555,3.7255
8/7/2009,1.754,2.4147,3.286,3.788,4.05
8/14/2009,1.467,2.0895,2.893,3.389,3.7955
8/21/2009,1.5325,2.1755,2.9935,3.4605,3.8255
8/28/2009,1.3755,2.0155,2.823,3.297,3.6755
9/4/2009,1.284,1.9047,2.7406,3.2456,3.644
9/11/2009,1.2265,1.8441,2.6695,3.144,3.5229
9/18/2009,1.3685,2.0075,2.8315,3.308,3.676
9/25/2009,1.303,1.8953,2.688,3.1345,3.484
10/2/2009,1.2285,1.818,2.5685,3.019,3.382
10/9/2009,1.336,1.937,2.707,3.178,3.5605
10/16/2009,1.3475,1.951,2.7385,3.2083,3.598
10/23/2009,1.375,1.997,2.8095,3.2835,3.6705
10/30/2009,1.247,1.844,2.6615,3.158,3.5643
11/6/2009,1.1795,1.801,2.658,3.2005,3.6565
11/13/2009,1.1405,1.738,2.571,3.094,3.536
11/20/2009,1.048,1.64,2.4945,3.026,3.4815
11/27/2009,1.015,1.56,2.348,2.859,3.293
12/4/2009,1.216,1.792,2.6179,3.157,3.62
12/11/2009,1.1515,1.7345,2.6265,3.188,3.6759
12/18/2009,1.127,1.738,2.643,3.199,3.6695
12/25/2009,1.3278,1.9755,2.913,3.474,3.952
1/1/2010,1.4359,2.0505,2.9838,3.529,3.974
1/8/2010,1.245,1.92,2.8915,3.4655,3.9415
1/15/2010,1.137,1.768,2.7098,3.2945,3.7895
1/22/2010,1.1155,1.739,2.6745,3.2505,3.7345
1/29/2010,1.103,1.712,2.63,3.216,3.709
2/5/2010,1.0715,1.6645,2.579,3.1625,3.6645
2/12/2010,1.12,1.7355,2.669,3.2705,3.7905
2/19/2010,1.2135,1.851,2.791,3.3795,3.8815
2/26/2010,1.061,1.671,2.5985,3.191,3.702
3/5/2010,1.117,1.706,2.6115,3.208,3.725
3/12/2010,1.163,1.763,2.669,3.2455,3.7485
3/19/2010,1.191,1.788,2.686,3.253,3.736
3/26/2010,1.19,1.7905,2.7055,3.29,3.79
4/2/2010,1.2675,1.903,2.8635,3.466,3.9535
4/9/2010,1.207,1.838,2.7735,3.372,3.8685
4/16/2010,1.105,1.705,2.631,3.2295,3.739
4/23/2010,1.2525,1.849,2.754,3.3285,3.812
4/30/2010,1.197,1.734,2.609,3.1815,3.659
5/7/2010,1.1735,1.631,2.449,3.006,3.4778
5/14/2010,1.1315,1.609,2.4403,3.0125,3.493
5/21/2010,1.1715,1.564,2.305,2.832,3.2835
5/28/2010,1.2315,1.659,2.432,2.9345,3.3705
6/4/2010,1.1905,1.6095,2.3648,2.8789,3.317
6/11/2010,1.124,1.5675,2.348,2.879,3.3305
6/18/2010,1.0515,1.4745,2.262,2.804,3.273
6/25/2010,1.023,1.4015,2.178,2.713,3.176
7/2/2010,0.999,1.374,2.099,2.603,3.059
7/9/2010,0.9495,1.343,2.1023,2.64,3.109
7/16/2010,0.83,1.1835,1.8975,2.4515,2.944
7/23/2010,0.8295,1.1995,1.9465,2.5105,3.006
7/30/2010,0.733,1.069,1.7775,2.3625,2.8935
8/6/2010,0.708,1.031,1.708,2.29,2.8215
8/13/2010,0.7365,1.049,1.6775,2.18,2.6525
8/20/2010,0.67,0.998,1.6755,2.175,2.6322
8/27/2010,0.7205,1.053,1.7105,2.212,2.664
9/3/2010,0.6965,1.021,1.6753,2.1985,2.682
9/10/2010,0.7765,1.108,1.771,2.297,2.7808
9/17/2010,0.6825,0.998,1.6785,2.2375,2.757
9/24/2010,0.629,0.9245,1.587,2.134,2.644
10/1/2010,0.617,0.886,1.5235,2.0755,2.5895
10/8/2010,0.5115,0.746,1.3735,1.9455,2.4975
10/15/2010,0.5485,0.7965,1.4425,2.0465,2.6349
10/22/2010,0.5365,0.761,1.403,2.022,2.624
10/29/2010,0.501,0.7295,1.423,2.0635,2.683
11/5/2010,0.526,0.731,1.3595,2.005,2.667
11/12/2010,0.7285,1.006,1.662,2.289,2.928
11/19/2010,0.6865,1.015,1.776,2.421,3.032
11/26/2010,0.786,1.077,1.797,2.437,3.026
12/3/2010,0.694,1.0425,1.872,2.5505,3.161
12/10/2010,0.8665,1.294,2.1885,2.851,3.432
12/17/2010,0.8365,1.2785,2.164,2.838,3.428
12/24/2010,0.908,1.376,2.233,2.9064,3.47
12/31/2010,0.804,1.2785,2.174,2.8195,3.377
1/7/2011,0.8555,1.3135,2.188,2.8345,3.406
1/14/2011,0.8005,1.2705,2.1465,2.8035,3.3974
1/21/2011,0.8405,1.3175,2.227,2.8905,3.4795
1/28/2011,0.7715,1.2395,2.151,2.821,3.4215
2/4/2011,0.9555,1.52,2.4785,3.1525,3.7404
2/11/2011,1.0415,1.626,2.5748,3.2106,3.7482
2/18/2011,0.959,1.528,2.4815,3.1245,3.6835
2/25/2011,0.906,1.4585,2.371,2.995,3.5375
3/4/2011,0.8945,1.457,2.404,3.0535,3.6145
3/11/2011,0.8335,1.3535,2.2715,2.9325,3.5185
3/18/2011,0.798,1.275,2.1615,2.7985,3.373
3/25/2011,0.928,1.4765,2.3785,3.0065,3.5525
4/1/2011,0.9835,1.556,2.4475,3.033,3.5475
4/8/2011,0.9915,1.5815,2.5055,3.1393,3.6805
4/15/2011,0.873,1.3696,2.3165,2.9445,3.4975
4/22/2011,0.8395,1.399,2.302,2.931,3.475
4/29/2011,0.777,1.2625,2.1505,2.79,3.3655
5/6/2011,0.74,1.2084,2.046,2.677,3.2415
5/13/2011,0.728,1.2017,2.0553,2.681,3.2515
5/20/2011,0.7085,1.1725,2.0225,2.6585,3.2385
5/27/2011,0.677,1.0977,1.936,2.554,3.158
6/3/2011,0.6245,1.0282,1.8595,2.506,3.1125
6/10/2011,0.595,0.969,1.8035,2.463,3.079
6/17/2011,0.6445,1.0088,1.8395,2.4865,3.0925
6/24/2011,0.6415,0.9575,1.7455,2.3965,3.009
7/1/2011,0.726,1.165,2.056,2.7,3.3015
7/8/2011,0.6385,1.0255,1.883,2.5525,3.1695
7/15/2011,0.649,0.9812,1.785,2.4336,3.0455
7/22/2011,0.6205,0.9586,1.781,2.444,3.06
7/29/2011,0.591,0.8565,1.624,2.293,2.9255
8/5/2011,0.537,0.8085,1.54,2.1518,2.7315
8/12/2011,0.444,0.5965,1.2375,1.831,2.4141
8/19/2011,0.481,0.6308,1.1819,1.6955,2.2025
8/26/2011,0.4955,0.6565,1.249,1.807,2.3555
9/2/2011,0.504,0.6275,1.153,1.6705,2.19
9/9/2011,0.517,0.6365,1.133,1.6355,2.14
9/16/2011,0.497,0.65,1.215,1.7335,2.2383
9/23/2011,0.516,0.6597,1.156,1.596,2.018
9/30/2011,0.578,0.7361,1.2555,1.698,2.1075
10/7/2011,0.679,0.872,1.4315,1.8973,2.278
10/14/2011,0.651,0.8626,1.4585,1.9696,2.4281
10/21/2011,0.6475,0.825,1.4235,1.944,2.416
10/28/2011,0.6005,0.7905,1.415,1.9645,2.4705
11/4/2011,0.5895,0.7083,1.2115,1.7026,2.1945
11/11/2011,0.711,0.8525,1.2952,1.769,2.213
11/18/2011,0.771,0.8885,1.3456,1.7745,2.1915
11/25/2011,0.819,0.9258,1.3605,1.7565,2.161
12/2/2011,0.6995,0.843,1.328,1.7865,2.209
12/9/2011,0.649,0.7581,1.258,1.7355,2.1875
12/16/2011,0.721,0.8155,1.227,1.637,2.0255
12/23/2011,0.7935,0.9046,1.3705,1.7889,2.194
12/30/2011,0.726,0.8204,1.2245,1.6431,2.027
1/6/2012,0.6775,0.7815,1.212,1.662,2.0965
1/13/2012,0.5675,0.6715,1.115,1.5685,2.011
1/20/2012,0.597,0.717,1.1973,1.687,2.1535
1/27/2012,0.537,0.62,1.035,1.5255,2.008
2/3/2012,0.503,0.6083,1.0375,1.5128,2.021
2/10/2012,0.55,0.6615,1.106,1.584,2.07
2/17/2012,0.5785,0.7074,1.1427,1.6089,2.0825
2/24/2012,0.6185,0.7418,1.1705,1.622,2.0815
3/2/2012,0.5235,0.6485,1.095,1.5715,2.0595
3/9/2012,0.577,0.7075,1.1379,1.6205,2.1055
3/16/2012,0.615,0.812,1.347,1.852,2.3545
3/23/2012,0.6105,0.798,1.3353,1.8241,2.308
3/30/2012,0.5815,0.758,1.272,1.779,2.287
4/6/2012,0.608,0.7331,1.1744,1.6616,2.1395
4/13/2012,0.5675,0.6925,1.1465,1.612,2.099
4/20/2012,0.5675,0.6925,1.138,1.599,2.08
4/27/2012,0.5545,0.6785,1.1165,1.5805,2.0655
5/4/2012,0.547,0.6585,1.081,1.5265,2.017
5/11/2012,0.612,0.7068,1.097,1.5249,1.983
5/18/2012,0.665,0.757,1.096,1.4545,1.8485
5/25/2012,0.639,0.7353,1.094,1.4778,1.891
6/1/2012,0.625,0.6839,0.985,1.3052,1.6705
6/8/2012,0.58,0.6531,1.0205,1.4055,1.823
6/15/2012,0.544,0.617,0.9455,1.3175,1.7295
6/22/2012,0.5485,0.6428,1.008,1.3972,1.808
6/29/2012,0.549,0.624,0.965,1.3495,1.779
7/6/2012,0.521,0.5895,0.904,1.2765,1.7025
7/13/2012,0.4635,0.546,0.8455,1.21,1.617
7/20/2012,0.4425,0.5095,0.805,1.173,1.592
7/27/2012,0.4405,0.5155,0.8535,1.235,1.6675
8/3/2012,0.446,0.5251,0.8835,1.2775,1.7135
8/10/2012,0.4695,0.557,0.913,1.316,1.7695
8/17/2012,0.4955,0.6085,1.001,1.4405,1.923
8/24/2012,0.451,0.539,0.899,1.3219,1.792
8/31/2012,0.401,0.4626,0.773,1.1716,1.6595
9/7/2012,0.4035,0.4751,0.8163,1.266,1.7768
9/14/2012,0.376,0.461,0.8625,1.3475,1.903
9/21/2012,0.389,0.46,0.803,1.248,1.7685
9/28/2012,0.3665,0.439,0.764,1.189,1.7035
10/5/2012,0.4,0.475,0.821,1.27,1.806
10/12/2012,0.38,0.462,0.7945,1.2076,1.707
10/19/2012,0.4,0.5025,0.8605,1.2875,1.788
10/26/2012,0.402,0.5058,0.863,1.287,1.786
11/2/2012,0.389,0.4721,0.8185,1.2452,1.7473
11/9/2012,0.3805,0.459,0.767,1.1613,1.6455
11/16/2012,0.376,0.4544,0.7485,1.1373,1.6292
11/23/2012,0.401,0.4859,0.818,1.2305,1.7283
11/30/2012,0.3705,0.4399,0.753,1.1535,1.6648
12/7/2012,0.357,0.4305,0.747,1.1451,1.6774
12/14/2012,0.358,0.4481,0.818,1.242,1.754
12/21/2012,0.4105,0.4998,0.8755,1.2894,1.82
12/28/2012,0.3945,0.4872,0.834,1.2535,1.763
1/4/2013,0.402,0.521,0.9175,1.381,1.936
1/11/2013,0.384,0.5065,0.902,1.362,1.9024
1/18/2013,0.397,0.513,0.8995,1.3558,1.8952
1/25/2013,0.432,0.5626,0.996,1.4667,2.0109
2/1/2013,0.423,0.569,1.035,1.5335,2.099
2/8/2013,0.4055,0.538,0.9808,1.471,2.0338
2/15/2013,0.4253,0.567,1.0158,1.5066,2.0676
2/22/2013,0.401,0.5321,0.9798,1.474,2.041
3/1/2013,0.3751,0.4905,0.9039,1.3816,1.9353
3/8/2013,0.3985,0.5492,1.0356,1.5512,2.1275
3/15/2013,0.3926,0.53,0.986,1.5,2.0825
3/22/2013,0.4265,0.5495,0.9895,1.488,2.058
3/29/2013,0.4165,0.54,0.948,1.441,2.007
4/5/2013,0.3758,0.4815,0.876,1.3415,1.885
4/12/2013,0.372,0.4758,0.868,1.3404,1.8945
4/19/2013,0.3704,0.482,0.875,1.3342,1.8735
4/26/2013,0.359,0.461,0.842,1.299,1.8445
5/3/2013,0.3567,0.4733,0.8873,1.3596,1.9175
5/10/2013,0.3707,0.5075,0.9749,1.4686,2.041
5/17/2013,0.3898,0.5278,0.9927,1.5005,2.087
5/24/2013,0.405,0.5755,1.07,1.5895,2.1625
5/31/2013,0.4585,0.6565,1.2057,1.7342,2.3042
6/7/2013,0.4844,0.7205,1.2891,1.814,2.3666
6/14/2013,0.43,0.647,1.22,1.746,2.308
6/21/2013,0.5661,0.893,1.6485,2.2227,2.761
6/28/2013,0.51,0.8178,1.566,2.1454,2.697
7/5/2013,0.585,0.9497,1.8196,2.4421,2.994
7/12/2013,0.5258,0.84,1.6081,2.2254,2.8054
7/19/2013,0.4749,0.7478,1.4786,2.0928,2.69
7/26/2013,0.4747,0.763,1.5405,2.1718,2.7625
8/2/2013,0.4685,0.7595,1.5305,2.1735,2.771
8/9/2013,0.474,0.7726,1.5275,2.153,2.747
8/16/2013,0.5285,0.9016,1.7475,2.3986,2.995
8/23/2013,0.5607,0.9621,1.8085,2.4445,3.0095
8/30/2013,0.5664,0.9706,1.8075,2.426,2.981
9/6/2013,0.6156,1.0488,1.9095,2.545,3.118
9/13/2013,0.593,1.009,1.8643,2.4845,3.048
9/20/2013,0.4875,0.8323,1.6575,2.2948,2.892
9/27/2013,0.4675,0.776,1.552,2.1795,2.78
10/4/2013,0.4625,0.7775,1.57,2.2035,2.8115
10/11/2013,0.478,0.7765,1.569,2.2085,2.8225
10/18/2013,0.445,0.7305,1.4965,2.123,2.724
10/25/2013,0.4315,0.701,1.4368,2.057,2.6635
11/1/2013,0.429,0.7205,1.507,2.1495,2.766
11/8/2013,0.4275,0.7115,1.539,2.225,2.8735
11/15/2013,0.396,0.659,1.4485,2.127,2.7675
11/22/2013,0.379,0.6438,1.45,2.1575,2.809
11/29/2013,0.378,0.652,1.474,2.165,2.823
12/6/2013,0.3988,0.7213,1.573,2.2798,2.9225
12/13/2013,0.428,0.7583,1.6175,2.2995,2.9258
12/20/2013,0.455,0.8105,1.7035,2.365,2.9538
12/27/2013,0.485,0.871,1.7755,2.4535,3.056
1/3/2014,0.5113,0.9,1.792,2.4648,3.0665
1/10/2014,0.492,0.8705,1.712,2.3583,2.9515
1/17/2014,0.504,0.9035,1.7315,2.356,2.93
1/24/2014,0.49,0.8503,1.6648,2.276,2.839
1/31/2014,0.459,0.8183,1.607,2.2185,2.7855
2/7/2014,0.425,0.7705,1.5803,2.218,2.815
2/14/2014,0.448,0.819,1.6413,2.266,2.85
2/21/2014,0.452,0.8218,1.6405,2.257,2.83
2/28/2014,0.45,0.813,1.6015,2.2005,2.761
3/7/2014,0.509,0.9108,1.7305,2.336,2.892
3/14/2014,0.482,0.8485,1.6345,2.223,2.7693
3/21/2014,0.5618,1.0023,1.7995,2.357,2.8588
3/28/2014,0.5713,1.0318,1.827,2.364,2.8415
4/4/2014,0.5384,0.9923,1.793,2.3463,2.8348
4/11/2014,0.4908,0.9043,1.6853,2.2388,2.7428
4/18/2014,0.5475,1.0135,1.836,2.371,2.845
4/25/2014,0.544,0.9981,1.803,2.318,2.7725
5/2/2014,0.5555,1.0025,1.7518,2.252,2.7043
5/9/2014,0.52,0.9575,1.717,2.231,2.7063
5/16/2014,0.5105,0.923,1.654,2.156,2.623
5/23/2014,0.5065,0.8955,1.62,2.137,2.622
5/30/2014,0.5132,0.9106,1.6205,2.119,2.588
6/6/2014,0.541,0.9693,1.7243,2.2393,2.7058
6/13/2014,0.5955,1.0335,1.776,2.262,2.705
6/20/2014,0.605,1.045,1.7705,2.252,2.6963
6/27/2014,0.588,1.007,1.7103,2.1893,2.64
7/4/2014,0.653,1.1035,1.819,2.293,2.736
7/11/2014,0.6182,1.044,1.744,2.2,2.628
7/18/2014,0.6685,1.1128,1.785,2.2025,2.5985
7/25/2014,0.6916,1.1375,1.797,2.205,2.5895
8/1/2014,0.6821,1.1325,1.8055,2.2335,2.6348
8/8/2014,0.6765,1.118,1.789,2.1925,2.5795
8/15/2014,0.6313,1.0535,1.703,2.1045,2.4915
8/22/2014,0.7135,1.16,1.81,2.191,2.55
8/29/2014,0.7135,1.1545,1.775,2.1455,2.498
9/5/2014,0.721,1.1663,1.8163,2.2103,2.5778
9/12/2014,0.801,1.278,1.968,2.3763,2.7453
9/19/2014,0.8063,1.2975,1.982,2.3645,2.7073
9/26/2014,0.8115,1.293,1.9505,2.3213,2.6555
10/3/2014,0.8238,1.3,1.91,2.266,2.5915
10/10/2014,0.691,1.1198,1.7098,2.0725,2.418
10/17/2014,0.636,1.019,1.6105,1.989,2.3515
10/24/2014,0.644,1.052,1.674,2.0573,2.413
10/31/2014,0.7068,1.1373,1.7565,2.1355,2.481
